﻿Designator,Footprint,Quantity,Value,LCSC Part #
"BOOT1, RESET1",KEY-SMD_4P-L4.2-W3.2-P2.20-LS5.1-TL,2,K2-1808SN-A4SW-01,C92589
"C1, C13, C14, C16, C2, C36, C7, C8",C0402,8,100nF,C1525
"C10, C12",C_0603,2,4.7uF,C19666
"C11, C19",C_0402,2,4.7uF,C23733
"C15, C9",C0402,2,100nF,C14663
"C17, C18",C0402,2,15pF,C1548
C22,C_0402,1,100nF,C1525
"C3, C4, C5, C6",C0402,4,100nF,
"C37, C40",C_0603,2,10uF,C19702
"C38, C39",C_0603,2,100nF,C14663
D1,POWERDI-123_L2.8-W1.8-LS3.7-RD,1,~,C110493
"D2, D3",D0402-BI,2,RCLAMP0521P.TCT-MS,C3029033
D4,LED_WS2812B-2020_PLCC4_2.0x2.0mm,1,WS2812B-2020,
"J1, J3",Pico_22pin,2,Conn_01x32_MountingPin,
J2,PinHeader_1x03_P2.54mm_Vertical,1,Conn_01x03_Pin,
L1,IND-SMD_L2.0-W1.6_AOTA-B201610S3R3-101-T,1,~,C42411119
LED1,Mars_LED_0603,1,Red,C2286
PWR_LED1,D_0603,1,Red,C2286
"R1, R4",R_0402,2,5.1kΩ,C25905
R11,R_0402,1,100kΩ,C25741
"R12, R9",R_0402,2,2kΩ,C4109
R14,R_0402,1,10kΩ,C25744
"R2, R3",R_0402,2,33Ω,C25105
R28,R_0603,1,1kΩ,C21190
R5,R_0402,1,1kΩ,C11702
R6,R0402,1,33Ω,C25105
R7,R_0603,1,1Ω,C22936
R8,R_0603,1,200Ω,C8218
"TP1, TP2",TestPoint_Pad_1.0x1.0mm,2,TestPoint,
U1,QFN-80_L10.0-W10.0-P0.40-TL-EP3.4,1,~,C42415655
U3,SOT-23-5_L3.0-W1.7-P0.95-LS2.8-BR,1,~,C427602
U4,SOIC-8_L5.3-W5.3-P1.27-LS8.0-BL,1,Winbond W25Q128JVSIQ,C97521
U6,SOIC-8_3.9x4.9mm_P1.27mm,1,ESP-PSRAM32,
USB1,USB-C-SMD_TYPE-C-6PIN-2MD-073,1,~,C2765186
X1,CRYSTAL-SMD_4P-L3.2-W2.5-BL,1,~,C20625731
